timestamp,source,ticker,headline,body
2024-01-02T08:00:00Z,Reuters,AAPL,Apple launches strong Vision ecosystem update,Analysts cite strong product momentum and partnership demand.
2024-01-02T09:00:00Z,Bloomberg,MSFT,Microsoft faces antitrust probe in cloud bundling,Regulators open a new probe into enterprise practices.
2024-01-02T09:30:00Z,CNBC,NVDA,Nvidia chip demand surge drives upbeat channel checks,Suppliers report strong order growth and record demand.
2024-01-03T08:15:00Z,Reuters,AAPL,Apple services growth beats estimates ahead of quarter,Research desks note strong recurring revenue growth.
2024-01-03T08:45:00Z,Bloomberg,MSFT,Microsoft partnership expands enterprise AI footprint,Large customers highlight gains from new platform rollout.
2024-01-03T09:10:00Z,CNBC,NVDA,Nvidia valuation warning follows sharp rally,Investors debate whether gains can hold after the surge.
2024-01-04T08:10:00Z,Reuters,AAPL,Apple hit by smartwatch lawsuit escalation,Legal dispute could delay some product sales.
2024-01-04T08:40:00Z,Bloomberg,MSFT,Microsoft earnings optimism rises after upgrade,Analysts raise targets on strong demand signals.
2024-01-04T09:05:00Z,CNBC,NVDA,Nvidia launches new AI platform for enterprise inference,Customers expect strong adoption from the launch.
2024-01-05T08:05:00Z,Reuters,AAPL,Apple supply chain report points to demand recovery,Suppliers report improving orders and stronger growth trends.
2024-01-05T08:35:00Z,Bloomberg,MSFT,Microsoft guidance cut fears ease after partner checks,Channel data suggests weaker concerns than expected.
2024-01-05T09:15:00Z,CNBC,NVDA,Nvidia faces export restriction warning,New policy concerns may cut demand in some regions.
